Model,mAP@50,mAP@50-95,Precision,Recall
parking_test_best.pt,0.9860551473871156,0.7574768030075503,0.9509417545948369,0.9498729866435606
yolov8n.pt,0.10345166047246651,0.03197986506276744,0.1806653235850895,0.11856304985337243
shukla_model.pt,0.02275070102615862,0.007319428379946702,0.03388949039549397,0.15229335228515198
train_v3_best.pt,0.0,0.0,0.0,0.0
